tamano,filas,operacion,pandas,polars,veces_mas_rapido_polars
real,125600,leer_csv,0.213,0.011,19.3
real,125600,retornos_por_ticker,0.0187,0.0045,4.2
real,125600,rolling_20_media_y_desv,0.1324,0.0102,12.9
real,125600,agregado_mensual,0.069,0.0113,6.1
real,125600,join_con_indice,0.0206,0.0072,2.9
real,125600,memoria_MB,9.5508,2.8938,3.3
1M,1004800,leer_csv,0.9926,0.4993,2.0
1M,1004800,retornos_por_ticker,0.1889,0.0264,7.1
1M,1004800,rolling_20_media_y_desv,0.7201,0.0495,14.6
1M,1004800,agregado_mensual,0.4128,0.0734,5.6
1M,1004800,join_con_indice,0.123,0.0373,3.3
1M,1004800,memoria_MB,78.3745,29.1392,2.7
10M,10048000,leer_csv,9.5813,4.8798,2.0
10M,10048000,retornos_por_ticker,1.1378,0.2267,5.0
10M,10048000,rolling_20_media_y_desv,5.7414,0.4357,13.2
10M,10048000,agregado_mensual,4.6937,0.6861,6.8
10M,10048000,join_con_indice,1.1284,0.4495,2.5
10M,10048000,memoria_MB,783.7441,291.392,2.7
