Cliente_ID,Edad,Tipo_Cuenta,Ultima_Conexion_Region,Ingreso_Anual,Evaluacion_Riesgo
1001,58,inversion,centro,226396,803
1002,48,basica,centro,,754
1003,34,basica,centro,,403
1004,62,basica,sur,38156,376
1005,27,basica,centro,,
1006,40,inversion,sur,235896,557
1007,58,basica,centro,38135,563
1008,38,inversion,centro,240887,630
1009,42,basica,centro,43814,481
1010,30,inversion,,,849
1011,30,basica,centro,,326
1012,43,basica,norte,49723,575
1013,55,premium,norte,135621,598
1014,59,inversion,este,208283,390
1015,43,inversion,sur,,
1016,22,premium,norte,127591,
1017,41,inversion,norte,212261,750
1018,21,basica,norte,37845,664
1019,43,inversion,este,204336,650
1020,63,basica,centro,28547,699
1021,49,premium,este,140948,552
1022,57,inversion,centro,176672,
1023,21,premium,sur,84213,
1024,40,premium,sur,90293,807
1025,52,basica,centro,21673,603
1026,31,inversion,norte,,800
1027,41,basica,este,,465
1028,63,inversion,este,283172,
1029,44,premium,sur,141997,761
1030,68,basica,este,48172,
1031,46,premium,este,100132,732
1032,61,premium,centro,98199,
1033,47,premium,norte,116609,506
1034,35,premium,sur,122965,534
1035,34,basica,centro,,741
1036,66,premium,norte,119779,654
1037,63,inversion,norte,181881,814
1038,22,basica,centro,,507
1039,56,premium,norte,,424
1040,26,basica,centro,28578,437
1041,40,basica,este,22158,638
1042,28,premium,este,131813,
1043,58,premium,sur,116021,367
1044,37,basica,este,,840
1045,23,premium,norte,104087,682
1046,44,basica,norte,32828,318
1047,33,basica,centro,48842,749
1048,69,basica,sur,45315,373
1049,28,basica,sur,21401,575
1050,45,basica,centro,39643,347
1051,21,premium,norte,95193,510
1052,39,premium,norte,124864,839
1053,47,basica,sur,40307,490
1054,66,inversion,centro,252518,614
1055,26,premium,centro,99611,412
1056,63,basica,sur,31023,469
1057,27,inversion,sur,293022,767
1058,66,inversion,norte,226240,313
1059,54,basica,norte,30343,587
1060,33,basica,centro,31867,488
1061,36,inversion,sur,152745,454
1062,55,premium,norte,,770
1063,69,basica,centro,23866,374
1064,59,premium,centro,112245,576
1065,23,inversion,,278681,642
1066,21,premium,norte,131374,724
1067,25,premium,norte,,
1068,61,inversion,norte,231029,481
1069,23,basica,norte,48038,
1070,48,basica,centro,,363
1071,37,premium,este,,559
1072,45,inversion,centro,298980,492
1073,63,basica,centro,49336,705
1074,53,premium,sur,120992,392
1075,29,premium,centro,135350,729
1076,55,basica,sur,24025,
1077,33,premium,centro,,703
1078,50,inversion,sur,211240,733
1079,67,premium,norte,,
1080,34,premium,sur,86155,674
1081,27,basica,este,33839,358
1082,33,premium,norte,113487,342
1083,42,basica,norte,,506
1084,59,basica,sur,42900,595
1085,40,premium,centro,100963,417
1086,35,basica,centro,,
1087,64,basica,centro,40102,
1088,37,premium,norte,136547,465
1089,66,basica,centro,40786,455
1090,43,basica,sur,,483
1091,45,premium,este,84426,
1092,44,premium,centro,107606,393
1093,64,basica,norte,35064,312
1094,60,inversion,norte,178151,737
1095,48,basica,norte,33767,
1096,34,premium,sur,91308,449
1097,64,premium,sur,142522,307
1098,20,inversion,centro,240306,328
1099,44,premium,sur,82204,595
1100,26,premium,sur,111131,639
1101,28,premium,norte,132428,738
1102,43,basica,norte,21102,443
1103,20,basica,este,25243,
1104,63,premium,norte,129067,344
1105,27,basica,centro,,538
1106,43,premium,este,101607,454
1107,30,basica,centro,44968,480
1108,36,premium,este,91908,514
1109,27,basica,,46423,387
1110,54,basica,este,,555
1111,54,premium,,141215,810
1112,52,premium,norte,,372
1113,24,premium,centro,129429,
1114,61,basica,este,36616,511
1115,58,basica,este,29744,533
1116,60,premium,norte,118458,764
1117,47,basica,sur,33401,522
1118,26,premium,este,87659,563
1119,28,premium,sur,140614,506
1120,27,premium,centro,112793,665
1121,31,premium,este,,575
1122,53,inversion,sur,246762,679
1123,52,inversion,sur,256956,608
1124,67,basica,sur,40148,567
1125,42,basica,norte,,363
1126,43,basica,este,48007,649
1127,56,basica,sur,33379,
1128,54,premium,este,134254,822
1129,63,inversion,norte,157006,397
1130,59,basica,este,39867,370
1131,41,basica,sur,,663
1132,46,basica,norte,,575
1133,54,premium,norte,145344,349
1134,20,premium,centro,113840,657
1135,54,basica,centro,43091,
1136,56,inversion,este,173989,383
1137,66,premium,norte,98990,595
1138,33,basica,norte,,535
1139,22,premium,centro,116081,355
1140,20,premium,sur,91033,659
1141,24,basica,sur,,409
1142,45,basica,este,,491
1143,33,basica,este,,392
1144,58,basica,este,44147,359
1145,46,inversion,centro,155939,338
1146,28,inversion,sur,263000,839
1147,34,basica,sur,,348
1148,34,basica,centro,22295,719
1149,45,basica,este,,312
1150,61,basica,norte,21696,335
1151,32,inversion,sur,197118,400
1152,51,basica,norte,,
1153,58,basica,centro,23644,
1154,68,basica,este,,522
1155,51,premium,centro,107076,637
1156,23,basica,norte,,465
1157,49,premium,este,144805,682
1158,56,basica,centro,,675
1159,42,premium,norte,119121,
1160,58,premium,sur,145101,
1161,64,basica,sur,,674
1162,34,basica,,21932,310
1163,62,inversion,este,217293,601
1164,48,inversion,sur,246258,395
1165,55,basica,este,,489
1166,32,basica,sur,,
1167,51,inversion,norte,193527,491
1168,26,premium,sur,80492,785
1169,41,basica,norte,47882,565
1170,47,inversion,sur,289883,723
1171,21,basica,,,427
1172,61,premium,centro,104272,537
1173,64,basica,centro,,654
1174,25,basica,norte,,411
1175,47,basica,norte,,745
1176,47,premium,norte,127153,642
1177,63,basica,centro,,444
1178,63,basica,norte,41342,
1179,39,basica,sur,,546
1180,49,premium,centro,108328,789
1181,30,inversion,sur,262911,738
1182,47,basica,norte,32867,405
1183,44,premium,sur,139234,480
1184,58,inversion,este,175851,483
1185,52,premium,centro,111279,525
1186,20,basica,sur,,388
1187,46,basica,norte,,
1188,32,basica,este,,670
1189,60,basica,centro,,698
1190,22,basica,sur,43544,405
1191,58,premium,este,85451,570
1192,25,basica,sur,41642,
1193,27,basica,centro,28548,
1194,46,premium,centro,143064,331
1195,28,basica,norte,,692
1196,56,inversion,este,188870,339
1197,52,premium,centro,110873,517
1198,61,basica,,45859,381
1199,63,premium,norte,146155,500
1200,43,premium,norte,105372,746
1201,34,premium,sur,83642,727
1202,51,basica,centro,,337
1203,51,basica,sur,,510
1204,43,premium,centro,94122,743
1205,60,basica,centro,,626
1206,68,basica,norte,22895,526
1207,68,basica,centro,,347
1208,31,premium,norte,130081,317
1209,58,basica,este,,738
1210,21,inversion,sur,289783,486
1211,22,premium,norte,98793,644
1212,68,inversion,sur,289271,523
1213,56,inversion,,226253,
1214,68,inversion,centro,186191,528
1215,36,inversion,centro,160211,689
1216,68,basica,,32782,487
1217,21,premium,norte,,569
1218,21,basica,norte,43360,609
1219,47,basica,norte,,431
1220,42,premium,centro,101542,371
1221,56,premium,este,111312,486
1222,51,basica,sur,,785
1223,52,premium,norte,,490
1224,20,inversion,centro,227960,721
1225,38,premium,este,,419
1226,21,premium,centro,98020,519
1227,63,inversion,este,289227,352
1228,45,inversion,sur,169710,750
1229,51,premium,norte,104532,
1230,25,inversion,este,278727,536
1231,51,inversion,centro,299673,705
1232,23,inversion,sur,213227,721
1233,30,basica,centro,24967,546
1234,36,basica,este,38753,371
1235,57,basica,centro,40022,484
1236,43,basica,centro,30695,305
1237,24,premium,sur,85722,505
1238,53,premium,centro,,843
1239,25,inversion,centro,231050,686
1240,41,basica,este,,375
1241,30,inversion,,233596,476
1242,67,premium,este,146732,648
1243,35,premium,norte,92297,554
1244,52,inversion,centro,218323,607
1245,28,premium,centro,,644
1246,25,basica,centro,,426
1247,35,inversion,centro,190695,586
1248,48,basica,este,39702,
1249,22,basica,sur,45242,682
1250,39,inversion,centro,205841,705
1251,55,basica,norte,,687
1252,38,premium,sur,133574,824
1253,45,basica,centro,,575
1254,22,inversion,centro,178482,799
1255,38,basica,,29171,636
1256,39,inversion,norte,250755,780
1257,51,premium,centro,,572
1258,26,basica,norte,48006,357
1259,60,premium,norte,100058,627
1260,52,inversion,norte,169149,408
1261,59,basica,norte,40753,578
1262,58,basica,norte,32972,627
1263,37,basica,sur,,
1264,59,premium,sur,84956,
1265,20,premium,este,146641,410
1266,30,premium,centro,143811,528
1267,47,basica,centro,39392,796
1268,44,basica,norte,,455
1269,69,premium,norte,143232,772
1270,42,basica,centro,35417,571
1271,50,basica,norte,,301
1272,49,inversion,sur,262492,810
1273,61,premium,centro,,585
1274,54,premium,centro,109961,312
1275,26,inversion,norte,293674,
1276,35,premium,sur,89256,537
1277,45,inversion,centro,184681,393
1278,67,basica,norte,45792,637
1279,68,basica,centro,41904,470
1280,21,basica,centro,,766
1281,20,basica,este,21772,
1282,67,premium,norte,,500
1283,31,basica,este,39164,479
1284,24,basica,centro,,663
1285,56,basica,sur,,778
1286,51,basica,norte,49322,770
1287,28,premium,centro,82871,683
1288,60,basica,norte,,716
1289,54,premium,sur,129812,607
1290,38,basica,norte,,666
1291,67,premium,este,139979,300
1292,35,inversion,centro,,343
1293,22,basica,centro,21132,397
1294,39,premium,sur,,564
1295,43,basica,norte,26297,439
1296,52,basica,centro,,
1297,43,inversion,sur,157812,536
1298,30,basica,norte,49076,371
1299,68,basica,centro,,489
1300,27,premium,este,82179,567
1301,55,basica,centro,31030,620
1302,57,inversion,centro,224601,406
1303,59,basica,este,28275,531
1304,39,inversion,norte,197857,341
1305,54,premium,centro,100700,438
1306,67,premium,este,119464,572
1307,44,inversion,norte,243330,780
1308,54,basica,centro,,715
1309,44,inversion,centro,294941,805
1310,48,basica,centro,47547,723
1311,37,basica,centro,,706
1312,65,basica,este,,689
1313,37,premium,centro,100954,641
1314,21,basica,norte,36654,
1315,54,inversion,este,250772,491
1316,35,inversion,norte,241502,798
1317,60,inversion,sur,263943,532
1318,55,basica,sur,31546,526
1319,52,premium,sur,125095,670
1320,23,basica,sur,34270,438
1321,52,basica,este,35523,448
1322,33,basica,centro,49665,414
1323,40,basica,centro,34300,749
1324,67,premium,norte,99991,362
1325,39,premium,este,90775,403
1326,27,basica,este,32265,572
1327,26,basica,centro,39459,305
1328,22,basica,norte,48482,446
1329,36,basica,norte,,483
1330,52,inversion,norte,272808,327
1331,67,basica,,,
1332,31,basica,sur,26614,418
1333,41,basica,este,,
1334,41,inversion,sur,157415,670
1335,65,inversion,norte,298036,543
1336,49,premium,sur,117726,517
1337,57,premium,,117044,476
1338,57,premium,norte,137149,598
1339,64,basica,sur,24776,357
1340,27,inversion,sur,199976,
1341,46,premium,,112252,607
1342,46,premium,este,83832,
1343,53,premium,sur,114148,404
1344,40,premium,sur,141240,527
1345,49,premium,este,133459,546
1346,52,inversion,sur,188402,
1347,47,inversion,norte,188578,382
1348,66,premium,este,,485
1349,52,premium,norte,100466,551
1350,24,basica,centro,32707,654
1351,67,premium,centro,140142,509
1352,38,basica,sur,,746
1353,23,premium,sur,106564,
1354,54,inversion,centro,243526,771
1355,68,premium,norte,131001,669
1356,36,basica,norte,44881,
1357,63,basica,centro,,
1358,47,basica,centro,,666
1359,49,premium,,93156,483
1360,48,basica,,43064,586
1361,65,basica,sur,45711,771
1362,25,basica,este,36589,674
1363,54,premium,centro,87214,
1364,60,premium,centro,107127,810
1365,56,basica,sur,25141,549
1366,43,basica,este,48884,809
1367,48,premium,norte,82708,372
1368,68,premium,centro,98375,581
1369,65,premium,norte,95088,659
1370,50,basica,sur,,309
1371,54,premium,sur,,510
1372,52,basica,este,30014,451
1373,40,inversion,,284345,304
1374,51,premium,norte,127135,494
1375,42,basica,norte,,582
1376,52,basica,centro,32541,763
1377,22,premium,sur,88712,412
1378,37,inversion,norte,,570
1379,44,premium,centro,149087,462
1380,61,premium,centro,92297,759
1381,50,premium,este,107128,404
1382,22,premium,,148368,581
1383,59,basica,sur,,461
1384,65,inversion,centro,228958,650
1385,43,basica,,20152,733
1386,69,basica,centro,,439
1387,51,inversion,centro,292228,
1388,66,basica,norte,31108,431
1389,41,basica,,22800,386
1390,42,basica,,25310,482
1391,21,inversion,norte,283682,667
1392,46,basica,centro,,428
1393,61,basica,norte,21104,545
1394,21,basica,norte,,677
1395,45,basica,este,,
1396,36,basica,sur,,732
1397,59,basica,centro,43745,
1398,52,premium,sur,100583,745
1399,28,basica,centro,,780
1400,62,basica,norte,27263,593
1401,67,basica,sur,48070,442
1402,58,basica,este,,549
1403,48,premium,centro,99456,601
1404,61,premium,sur,145942,
1405,45,basica,sur,,369
1406,54,basica,este,20166,411
1407,69,basica,centro,,663
1408,44,inversion,centro,251968,602
1409,43,premium,centro,99873,770
1410,32,premium,norte,93050,390
1411,26,basica,norte,20680,
1412,55,inversion,centro,234040,491
1413,64,basica,norte,41644,541
1414,39,basica,sur,49253,437
1415,20,basica,este,,644
1416,27,basica,centro,21363,479
1417,65,inversion,centro,192291,
1418,35,premium,centro,115060,502
1419,33,basica,centro,,491
1420,31,premium,norte,116176,304
1421,42,inversion,sur,191520,536
1422,34,inversion,sur,175675,610
1423,47,premium,sur,98287,
1424,53,inversion,centro,150174,355
1425,21,inversion,sur,242268,742
1426,51,premium,sur,114998,536
1427,42,basica,sur,24287,496
1428,41,basica,norte,40544,
1429,44,inversion,sur,293184,748
1430,41,basica,norte,27106,659
1431,41,inversion,,225225,329
1432,68,basica,norte,,407
1433,61,basica,sur,39555,744
1434,25,basica,centro,,737
1435,34,basica,,21151,
1436,62,inversion,sur,223155,
1437,56,inversion,centro,221569,546
1438,52,inversion,norte,191328,842
1439,27,premium,este,104618,738
1440,63,basica,centro,21907,577
1441,63,premium,sur,,410
1442,24,premium,centro,84173,
1443,58,premium,norte,106400,490
1444,23,basica,centro,37677,789
1445,25,premium,sur,117564,725
1446,64,basica,este,33046,
1447,51,inversion,norte,238791,634
1448,49,inversion,centro,220533,508
1449,66,basica,centro,43416,321
1450,54,premium,norte,90578,507
1451,59,premium,sur,98624,307
1452,35,basica,centro,37860,
1453,32,inversion,este,189194,465
1454,69,inversion,sur,259903,795
1455,61,basica,centro,20389,728
1456,49,basica,este,20999,462
1457,38,basica,este,32812,665
1458,36,basica,norte,,825
1459,38,basica,centro,,538
1460,47,inversion,sur,294866,371
1461,45,basica,este,45234,744
1462,56,basica,sur,,
1463,45,inversion,norte,154986,568
1464,42,premium,centro,112298,714
1465,28,basica,sur,,544
1466,31,basica,este,43640,359
1467,20,basica,este,23731,305
1468,20,premium,centro,96835,706
1469,66,basica,norte,47051,516
1470,53,premium,centro,107798,325
1471,51,inversion,norte,241649,304
1472,67,basica,norte,,
1473,44,inversion,este,298338,689
1474,59,inversion,norte,277815,747
1475,64,basica,sur,,445
1476,20,inversion,este,277426,687
1477,35,premium,sur,91889,548
1478,58,inversion,sur,174335,
1479,24,premium,este,91254,
1480,41,premium,norte,91442,312
1481,48,premium,centro,126289,683
1482,22,inversion,este,203747,698
1483,31,premium,este,117327,318
1484,45,premium,centro,96199,790
1485,35,inversion,sur,222827,718
1486,56,basica,sur,,636
1487,41,basica,este,20112,718
1488,48,basica,este,41515,421
1489,33,basica,centro,39581,
1490,47,basica,norte,35924,343
1491,24,inversion,norte,209722,616
1492,66,basica,norte,,680
1493,68,premium,centro,96523,444
1494,49,basica,sur,21424,626
1495,65,inversion,este,169552,662
1496,24,inversion,centro,291880,349
1497,31,basica,norte,26043,364
1498,35,inversion,centro,150887,654
1499,45,basica,sur,,463
1500,45,inversion,centro,268639,440
1501,67,basica,centro,39944,
1502,40,inversion,este,231938,697
1503,58,basica,este,41205,
1504,55,premium,sur,106049,486
1505,52,premium,norte,87846,489
1506,49,basica,centro,45027,687
1507,56,basica,norte,26432,728
1508,42,basica,sur,33452,583
1509,29,basica,norte,33395,536
1510,24,premium,centro,83765,493
1511,55,basica,norte,38822,586
1512,53,basica,centro,35950,435
1513,50,basica,este,32502,470
1514,29,inversion,norte,225277,
1515,38,basica,norte,42742,500
1516,51,basica,sur,48050,786
1517,20,basica,este,44703,803
1518,24,basica,norte,25941,670
1519,64,inversion,sur,272332,402
1520,23,basica,norte,24855,424
1521,35,basica,centro,42931,612
1522,43,premium,sur,135633,757
1523,35,premium,centro,131913,529
1524,21,basica,este,40840,496
1525,68,premium,norte,105991,722
1526,47,inversion,este,254092,470
1527,51,basica,norte,20201,681
1528,46,premium,este,135312,472
1529,39,premium,centro,90561,
1530,43,basica,este,36901,649
1531,31,basica,norte,27737,
1532,69,basica,norte,45917,303
1533,54,inversion,sur,212120,392
1534,52,inversion,sur,283060,305
1535,52,premium,norte,94256,
1536,62,basica,sur,40186,445
1537,56,premium,norte,108230,723
1538,31,premium,,139778,756
1539,22,basica,,,501
1540,20,basica,sur,42625,511
1541,52,inversion,norte,182088,305
1542,59,basica,sur,,675
1543,29,inversion,,253937,746
1544,62,basica,este,25755,405
1545,63,basica,norte,,700
1546,48,basica,centro,42693,395
1547,32,basica,este,,687
1548,31,inversion,este,240265,
1549,50,basica,centro,47942,715
1550,65,inversion,este,244876,803
1551,21,premium,este,147054,753
1552,69,inversion,centro,180949,590
1553,54,basica,centro,,
1554,42,inversion,centro,218136,492
1555,36,premium,centro,144619,449
1556,45,basica,centro,49074,
1557,27,basica,sur,,692
1558,48,inversion,norte,176990,615
1559,45,inversion,norte,297265,375
1560,29,basica,norte,,569
1561,45,premium,sur,114510,524
1562,53,inversion,norte,151306,
1563,60,inversion,centro,153849,412
1564,26,inversion,sur,162360,550
1565,23,premium,este,125800,532
1566,69,basica,norte,24195,382
1567,64,basica,norte,,424
1568,30,basica,centro,38939,474
1569,48,premium,centro,98689,368
1570,55,premium,norte,,346
1571,44,basica,este,27619,555
1572,40,inversion,este,224816,329
1573,55,premium,sur,82642,580
1574,29,premium,sur,122137,
1575,56,basica,este,,547
1576,28,premium,centro,135561,667
1577,43,basica,centro,,794
1578,54,basica,este,,324
1579,68,basica,sur,35674,
1580,54,basica,sur,24757,
1581,67,basica,sur,22994,613
1582,55,premium,centro,,674
1583,37,basica,centro,,324
1584,68,premium,centro,135276,633
1585,58,basica,sur,,654
1586,51,inversion,norte,210272,
1587,43,inversion,sur,215618,347
1588,42,basica,centro,21920,398
1589,51,basica,centro,27817,758
1590,56,basica,norte,,
1591,31,premium,este,82093,704
1592,68,premium,norte,92905,513
1593,32,basica,este,,802
1594,42,premium,,104351,747
1595,44,basica,centro,28367,557
1596,54,basica,norte,,420
1597,60,premium,este,99874,353
1598,49,basica,sur,,
1599,36,premium,norte,87674,540
1600,68,basica,sur,37748,829
1601,39,inversion,,219212,
1602,67,basica,norte,22426,486
1603,44,basica,este,44648,561
1604,41,premium,sur,148498,663
1605,32,basica,centro,,
1606,38,inversion,centro,194816,730
1607,68,premium,centro,,538
1608,55,premium,norte,84017,603
1609,31,premium,norte,90451,597
1610,60,inversion,centro,243863,375
1611,38,inversion,este,160278,632
1612,31,premium,sur,123764,
1613,28,premium,sur,81134,582
1614,26,basica,sur,41550,371
1615,47,basica,este,25119,562
1616,33,premium,sur,140128,311
1617,50,basica,sur,42520,440
1618,38,basica,este,,316
1619,66,basica,norte,,362
1620,35,basica,norte,38730,552
1621,24,premium,centro,85039,764
1622,54,inversion,este,262935,
1623,31,basica,norte,,
1624,44,premium,sur,107586,389
1625,40,inversion,sur,203053,474
1626,55,basica,sur,,375
1627,42,inversion,centro,236346,699
1628,35,basica,sur,21551,370
1629,58,basica,sur,,479
1630,64,inversion,sur,184397,423
1631,61,basica,centro,45903,680
1632,58,premium,centro,146897,592
1633,33,inversion,este,286355,494
1634,50,basica,norte,27610,527
1635,24,premium,este,123326,730
1636,54,inversion,este,164924,735
1637,42,basica,sur,,760
1638,48,inversion,sur,260253,320
1639,62,premium,sur,80869,363
1640,30,premium,norte,81014,464
1641,37,premium,sur,90103,326
1642,66,basica,norte,,610
1643,31,inversion,sur,260317,584
1644,28,inversion,este,232409,580
1645,29,premium,,103248,
1646,63,premium,este,123516,
1647,36,premium,centro,109061,445
1648,57,basica,este,44170,329
1649,26,premium,centro,88024,344
1650,65,premium,norte,123803,770
1651,32,premium,centro,99296,333
1652,59,premium,norte,98257,726
1653,61,basica,sur,32855,520
1654,28,basica,este,,
1655,69,basica,norte,,666
1656,46,basica,sur,45020,
1657,21,premium,centro,100025,415
1658,24,premium,este,84458,538
1659,48,premium,centro,143610,634
1660,56,basica,sur,25307,740
1661,57,premium,centro,129831,447
1662,38,basica,sur,,308
1663,27,basica,centro,48273,587
1664,67,premium,este,,687
1665,64,inversion,centro,155668,349
1666,20,basica,este,45934,816
1667,41,basica,norte,,577
1668,36,basica,centro,27697,
1669,26,basica,,44417,434
1670,44,premium,norte,90751,446
1671,64,basica,este,,789
1672,23,premium,sur,87352,
1673,55,basica,,,458
1674,25,basica,,43299,683
1675,50,basica,centro,48927,462
1676,38,basica,norte,28326,740
1677,63,basica,centro,23644,488
1678,58,basica,centro,41354,714
1679,46,inversion,este,179493,638
1680,29,basica,sur,,
1681,45,inversion,sur,181707,587
1682,38,basica,centro,23278,486
1683,58,inversion,sur,288368,437
1684,22,premium,centro,,429
1685,64,premium,centro,115842,493
1686,32,premium,este,93261,615
1687,69,premium,,136704,
1688,47,premium,,147173,315
1689,39,premium,norte,111781,601
1690,47,premium,norte,93652,722
1691,27,basica,norte,,544
1692,60,basica,norte,,406
1693,58,premium,centro,115529,387
1694,20,premium,centro,98452,428
1695,22,premium,centro,129393,640
1696,32,premium,este,111174,303
1697,47,inversion,este,197406,626
1698,68,basica,este,,709
1699,44,basica,centro,37186,
1700,52,basica,centro,,524
1701,57,basica,,,647
1702,25,inversion,norte,278128,620
1703,63,basica,sur,,480
1704,64,premium,este,82187,685
1705,51,basica,este,31707,407
1706,64,premium,norte,115098,
1707,66,premium,sur,101225,709
1708,40,basica,este,23606,595
1709,35,premium,norte,137620,470
1710,40,basica,sur,,630
1711,30,basica,este,47966,792
1712,56,basica,sur,,494
1713,55,basica,norte,34387,311
1714,54,basica,centro,23927,494
1715,38,premium,este,82591,789
1716,39,premium,centro,128516,481
1717,37,premium,norte,142061,615
1718,66,basica,sur,,329
1719,60,premium,,146736,395
1720,68,basica,centro,,680
1721,33,basica,centro,,743
1722,34,inversion,norte,234774,597
1723,50,basica,este,31087,660
1724,20,premium,norte,110816,673
1725,22,premium,sur,103408,602
1726,35,basica,norte,45812,720
1727,42,basica,sur,,545
1728,30,basica,centro,,536
1729,31,inversion,,167413,
1730,29,basica,,,484
1731,51,basica,centro,,
1732,35,basica,norte,38978,662
1733,27,premium,centro,136358,582
1734,57,basica,este,,635
1735,31,basica,sur,,461
1736,43,premium,centro,112854,459
1737,47,inversion,sur,226240,
1738,27,basica,,26219,621
1739,47,basica,sur,44527,311
1740,55,basica,centro,36322,723
1741,45,premium,centro,86968,372
1742,27,basica,norte,,500
1743,69,premium,,131925,
1744,47,premium,centro,139848,
1745,47,premium,este,81700,338
1746,56,basica,centro,48246,359
1747,60,inversion,,173199,620
1748,55,premium,norte,124589,734
1749,46,premium,norte,112115,707
1750,36,basica,este,49166,685
1751,28,inversion,norte,155520,377
1752,52,basica,,31510,493
1753,39,basica,centro,23687,584
1754,32,basica,norte,36980,826
1755,47,premium,norte,121605,
1756,67,basica,norte,,455
1757,48,basica,este,,639
1758,32,basica,sur,33917,424
1759,65,basica,sur,24757,579
1760,54,premium,sur,144925,427
1761,25,premium,norte,110954,613
1762,37,basica,sur,,631
1763,24,basica,norte,28690,449
1764,66,premium,este,101113,753
1765,44,basica,sur,,335
1766,21,basica,sur,34318,719
1767,29,inversion,sur,193939,321
1768,49,premium,sur,109345,505
1769,69,basica,este,46312,655
1770,64,premium,centro,126313,739
1771,24,basica,norte,,
1772,52,premium,centro,149166,463
1773,20,basica,norte,35093,447
1774,37,basica,norte,36530,
1775,51,basica,este,,593
1776,66,inversion,,194942,
1777,68,premium,este,83453,779
1778,30,basica,sur,,422
1779,40,basica,centro,,699
1780,45,premium,norte,123370,
1781,44,basica,norte,,403
1782,41,basica,este,,761
1783,46,inversion,sur,165534,695
1784,68,basica,este,,636
1785,32,premium,centro,,441
1786,52,inversion,norte,199170,616
1787,53,basica,centro,,826
1788,60,basica,centro,34665,700
1789,54,basica,norte,,609
1790,20,inversion,este,158640,794
1791,40,inversion,centro,286690,408
1792,67,premium,norte,136053,671
1793,25,basica,,21920,505
1794,47,premium,este,123937,342
1795,36,inversion,norte,293279,544
1796,24,premium,este,,586
1797,50,inversion,norte,291871,654
1798,24,inversion,centro,220463,775
1799,57,premium,centro,117158,382
1800,22,premium,sur,,409
1801,42,basica,sur,41772,489
1802,56,basica,,45924,550
1803,56,premium,sur,141744,590
1804,29,basica,centro,35810,500
1805,29,inversion,norte,286198,
1806,38,inversion,este,261718,
1807,36,premium,centro,80192,708
1808,40,basica,este,,
1809,33,basica,norte,23645,371
1810,28,basica,centro,32816,546
1811,65,premium,centro,119082,643
1812,20,premium,sur,145048,353
1813,64,inversion,sur,273130,827
1814,32,basica,norte,38172,
1815,23,inversion,centro,190142,492
1816,20,inversion,centro,186468,357
1817,68,basica,norte,,736
1818,59,inversion,centro,290431,410
1819,51,basica,sur,23893,428
1820,53,basica,norte,26811,
1821,47,premium,este,122056,307
1822,50,basica,este,,328
1823,27,premium,centro,139191,411
1824,58,premium,norte,113272,430
1825,45,premium,centro,94671,487
1826,53,basica,sur,47048,774
1827,22,premium,sur,105963,663
1828,69,premium,sur,123954,503
1829,31,premium,centro,80717,511
1830,20,basica,centro,31676,575
1831,63,basica,sur,,372
1832,24,premium,centro,,542
1833,49,basica,este,,401
1834,49,premium,sur,84994,
1835,36,premium,centro,,487
1836,67,premium,este,149300,740
1837,66,premium,sur,123949,385
1838,42,inversion,sur,187405,775
1839,34,inversion,centro,184872,351
1840,56,inversion,centro,192215,410
1841,40,inversion,este,173185,342
1842,33,basica,sur,,510
1843,21,basica,este,44959,499
1844,30,premium,norte,131759,
1845,58,basica,norte,28385,598
1846,57,basica,centro,,376
1847,53,basica,sur,23719,436
1848,57,premium,norte,82581,319
1849,69,premium,sur,131717,739
1850,53,premium,sur,82763,510
1851,37,premium,norte,135480,734
1852,49,inversion,este,268094,
1853,34,basica,norte,,738
1854,46,inversion,centro,161064,341
1855,53,basica,centro,,710
1856,57,inversion,este,187548,
1857,52,premium,norte,116945,726
1858,43,basica,este,,574
1859,34,basica,centro,26476,
1860,49,basica,centro,38988,668
1861,61,basica,centro,,519
1862,36,basica,este,,531
1863,24,premium,sur,129683,627
1864,48,premium,centro,125276,742
1865,23,premium,centro,113402,351
1866,29,inversion,centro,229698,675
1867,36,premium,este,102335,562
1868,29,premium,norte,125095,566
1869,36,basica,este,34394,658
1870,39,premium,norte,107197,616
1871,43,basica,norte,,623
1872,24,inversion,norte,172010,720
1873,53,inversion,sur,237923,345
1874,25,premium,centro,82890,568
1875,21,basica,norte,,680
1876,32,inversion,norte,280526,417
1877,62,premium,,88026,
1878,62,basica,este,,559
1879,67,basica,este,,374
1880,30,premium,este,89277,
1881,66,basica,centro,29471,604
1882,42,inversion,norte,198008,306
1883,35,basica,sur,34683,
1884,50,basica,centro,20670,
1885,30,inversion,sur,298961,647
1886,35,basica,centro,42844,737
1887,27,premium,norte,,514
1888,23,basica,sur,,728
1889,59,basica,centro,41551,
1890,23,premium,centro,,
1891,44,premium,centro,144712,666
1892,22,premium,centro,96633,612
1893,51,premium,norte,114660,837
1894,22,premium,norte,148975,353
1895,46,basica,este,,
1896,48,basica,centro,22854,
1897,51,inversion,norte,161577,463
1898,69,premium,este,100176,633
1899,38,premium,norte,124386,
1900,40,basica,,41714,647
1901,24,basica,norte,44255,572
1902,37,premium,centro,121003,713
1903,47,inversion,centro,169996,
1904,61,premium,norte,115931,392
1905,41,inversion,este,274168,378
1906,40,premium,sur,115710,
1907,25,basica,sur,44795,657
1908,20,basica,norte,,806
1909,24,basica,sur,22972,480
1910,60,basica,norte,31705,545
1911,31,inversion,centro,258944,543
1912,45,basica,este,48047,
1913,65,premium,centro,97374,721
1914,53,basica,norte,31138,
1915,68,basica,norte,,386
1916,33,basica,norte,,516
1917,45,basica,sur,33145,789
1918,64,premium,centro,146025,818
1919,46,basica,norte,,577
1920,28,premium,centro,106069,468
1921,45,basica,este,,629
1922,66,basica,sur,43465,740
1923,41,basica,este,,690
1924,66,premium,centro,139049,
1925,49,premium,,119178,680
1926,62,basica,centro,20053,605
1927,67,basica,sur,38959,812
1928,36,premium,norte,140935,487
1929,45,basica,sur,,815
1930,55,basica,sur,49754,726
1931,20,inversion,centro,188712,
1932,27,premium,,144551,559
1933,68,basica,este,,812
1934,54,inversion,centro,,370
1935,34,premium,sur,,777
1936,66,basica,norte,,477
1937,41,premium,este,86859,756
1938,33,premium,este,,488
1939,45,basica,centro,30539,590
1940,47,basica,sur,,819
1941,42,basica,sur,,591
1942,33,premium,norte,101839,582
1943,43,basica,norte,,
1944,21,inversion,centro,202953,676
1945,64,premium,centro,140593,455
1946,45,basica,centro,26539,807
1947,33,premium,este,129522,712
1948,26,basica,centro,20857,
1949,22,premium,sur,84886,654
1950,66,premium,sur,87485,486
1951,42,basica,este,,330
1952,65,basica,norte,,559
1953,62,basica,este,,720
1954,66,basica,este,,
1955,64,basica,norte,30744,603
1956,37,basica,centro,24334,338
1957,57,inversion,este,162226,
1958,54,basica,centro,,
1959,34,basica,este,42588,577
1960,44,premium,este,111709,
1961,56,basica,sur,35020,365
1962,47,inversion,sur,187019,407
1963,29,premium,este,124948,567
1964,58,premium,centro,145133,521
1965,36,basica,norte,,
1966,58,basica,norte,20922,389
1967,41,basica,centro,39299,554
1968,45,inversion,este,278585,754
1969,63,basica,este,39430,552
1970,44,basica,centro,35796,556
1971,36,inversion,norte,193395,682
1972,32,basica,,44031,741
1973,39,basica,este,,389
1974,44,basica,norte,47510,689
1975,23,inversion,sur,262599,343
1976,29,basica,norte,,318
1977,22,premium,centro,129145,400
1978,60,premium,este,100324,656
1979,64,basica,sur,42867,841
1980,37,premium,sur,80203,332
1981,66,basica,centro,36544,528
1982,55,basica,este,35899,
1983,66,premium,norte,109063,454
1984,41,inversion,sur,240880,722
1985,53,premium,sur,83748,545
1986,66,premium,este,146629,704
1987,27,basica,sur,,840
1988,59,basica,norte,,460
1989,68,basica,centro,,416
1990,63,basica,centro,,570
1991,38,basica,norte,25710,
1992,61,basica,este,29732,471
1993,60,basica,norte,39259,573
1994,56,basica,centro,,558
1995,25,premium,sur,113457,434
1996,45,inversion,centro,235679,721
1997,53,basica,sur,47525,720
1998,64,inversion,este,278216,485
1999,25,inversion,centro,283175,663
2000,56,basica,centro,20365,677
